<?xml version="1.0" encoding="ISO-8859-1"?>
<!DOCTYPE monDossier SYSTEM "DTD_MEEC.dtd">

<docker date="2023-01-15">
	<bateau nom="NomBateau">
		<conteneur>
			<numero>CSQU3054383</numero>
			<quai>01</quai>
			<allee>01</allee>
			<emplacement>001</emplacement>
			<etage>0</etage>
			<client>Michel</client>
			<TTC>11</TTC>
		</conteneur>

		<conteneur>
			<numero>THOU2563953</numero>
			<quai>01</quai>
			<allee>01</allee>
			<emplacement>001</emplacement>
			<etage>1</etage>
			<client>Michel</client>
			<TTC>11</TTC>
		</conteneur>
	</bateau>

	<bateau nom="NomBateau2">
		<conteneur>
			<numero>THOJ7896353</numero>
			<quai>01</quai>
			<allee>01</allee>
			<emplacement>001</emplacement>
			<etage>2</etage>
			<client>Michel</client>
			<TTC>11</TTC>
		</conteneur>
	</bateau>
</docker>